{"cameraMode":{"drawMode":0,"name":"Shaded","section":"Shading Mode"},"sceneLighting":true,"audioPlay":false,"sceneViewState":{"m_AlwaysRefresh":false,"showFog":true,"showSkybox":true,"showFlares":true,"showImageEffects":true,"showParticleSystems":true,"showVisualEffectGraphs":true,"m_FxEnabled":true},"in2DMode":false,"pivot":{"x":31.578723907470704,"y":-22.688758850097658,"z":34.184974670410159},"rotation":{"x":0.2733370065689087,"y":0.43462684750556948,"z":-0.14031241834163667,"w":0.846546471118927},"size":37.814266204833987,"orthographic":false}